Phenotype,MAIN_CONDITION
anxiety,F43.1
diabetes mellitus,O242
diabetes mellitus,G590
diabetes mellitus,G632
diabetes mellitus,H280
diabetes mellitus,H360
diabetes mellitus,M142
diabetes mellitus,N083
diabetes mellitus,O240
diabetes mellitus,O241
diabetes mellitus,O243
Diabetic eye disease,H35.0
Diabetic eye disease,H35.2
Diabetic eye disease,E10.3
Diabetic eye disease,E11.3
Diabetic eye disease,E12.3
Diabetic eye disease,E13.3
Diabetic eye disease,E14.3
Diabetic eye disease,H28.0
Diabetic eye disease,H36.0
Eating disorder,F50.0
Eating disorder,F50.1
Eating disorder,F50.2
Eating disorder,F50.3
"History of alcohol use disorder, misuse /dependence",F10.1
"History of alcohol use disorder, misuse /dependence",F10.2
"History of alcohol use disorder, misuse /dependence",F10.3
"History of alcohol use disorder, misuse /dependence",F10.4
"History of alcohol use disorder, misuse /dependence",F10.5
"History of alcohol use disorder, misuse /dependence",F10.6
"History of alcohol use disorder, misuse /dependence",F10.7
"History of alcohol use disorder, misuse /dependence",F10.8
"History of alcohol use disorder, misuse /dependence",F10.9
"History of alcohol use disorder, misuse /dependence",E24.4
"History of alcohol use disorder, misuse /dependence",G31.2
"History of alcohol use disorder, misuse /dependence",G62.1
"History of alcohol use disorder, misuse /dependence",G72.1
"History of alcohol use disorder, misuse /dependence",K29.2
"History of alcohol use disorder, misuse /dependence",K85.2
"History of alcohol use disorder, misuse /dependence",K86.0
"History of alcohol use disorder, misuse /dependence",Z50.2
"History of alcohol use disorder, misuse /dependence",Z71.4
Neurodevelopmental disorder,F84.0
Neurodevelopmental disorder,F84.1
Neurodevelopmental disorder,F84.5
Neurodevelopmental disorder,F81.9
Obstructive sleep apnoea,G47.3
other dermatology conditions,L73.2
other dermatology conditions,L66.1
other dermatology conditions,L71.1
other dermatology conditions,L71.8
other dermatology conditions,L71.9
Other Headaches,G44.2
Other Headaches,G44.0
other mental health conditions,Y87.0
other mental health conditions,Z91.5
Polycystic ovarian syndrome,E28.2
Psoriasis,M09.0
Psychoses,F30.2
Psychoses,F31.2
Psychoses,F31.5
