Phenotype,ICD-10 codes three characters
anxiety,F40
anxiety,F41
Asthma,J45
Asthma,J46
Bipolar disorder & affective psychosis,F30
Bipolar disorder & affective psychosis,F31
diabetes mellitus,E10
diabetes mellitus,E11
diabetes mellitus,E12
diabetes mellitus,E13
diabetes mellitus,E14
Epilepsy,G40
Epilepsy,G41
atopic eczema,L20
History of substance misuse,F11
History of substance misuse,F12
History of substance misuse,F13
History of substance misuse,F14
History of substance misuse,F15
History of substance misuse,F16
History of substance misuse,F18
History of substance misuse,F19
Hypertension,I11
Hypertension,I12
Hypertension,I13
Hypertension,I15
Hypertension,I10
Irritable bowel syndrome,K58
Migraine,G43
Neurodevelopmental disorder,F90
Neurodevelopmental disorder,Q90
Neurodevelopmental disorder,F70
Neurodevelopmental disorder,F71
Neurodevelopmental disorder,F72
Neurodevelopmental disorder,F73
Neurodevelopmental disorder,F78
Neurodevelopmental disorder,F79
other dermatology conditions,L43
other dermatology conditions,L21
other dermatology conditions,L50
other mental health conditions,F42
other mental health conditions,F60
other mental health conditions,F61
other mental health conditions,F44
other mental health conditions,X60
other mental health conditions,X61
other mental health conditions,X62
other mental health conditions,X63
other mental health conditions,X64
other mental health conditions,X65
other mental health conditions,X66
other mental health conditions,X67
other mental health conditions,X68
other mental health conditions,X69
other mental health conditions,X70
other mental health conditions,X71
other mental health conditions,X72
other mental health conditions,X73
other mental health conditions,X74
other mental health conditions,X75
other mental health conditions,X76
other mental health conditions,X77
other mental health conditions,X78
other mental health conditions,X79
other mental health conditions,X80
other mental health conditions,X81
other mental health conditions,X82
other mental health conditions,X83
other mental health conditions,X84
Psoriasis,L40
Psychoses,F23
Psychoses,F24
Schizophrenia & Non affective psychosis,F20
Schizophrenia & Non affective psychosis,F21
Schizophrenia & Non affective psychosis,F22
Schizophrenia & Non affective psychosis,F25
Schizophrenia & Non affective psychosis,F28
Schizophrenia & Non affective psychosis,F29
